opiniao;tweet
Positivo;Obrigada pela homenagem ao #casamentoigualitario , @BancodoBrasil @BancoDoBrasil7  !! Vejam aqui: http://t.co/4hICRrgnrW ! Muito bom!
Positivo;O #BancoDoBrasil já me deixou uma mensagem de parabéns. O 1º.
Positivo;Bora ser seu próprio chefe, trabalhar com esportes e ganhar 20 mil reais? A #InterU e o @BancoDoBrasil explicam como: http://t.co/ZgbqthSluF
Positivo;HAHAHAHA @BancodoBrasil maravilhoso!!!! http://t.co/mscHrnWiA4
Positivo;Parabens ao @BancodoBrasil #circuitobancodobrasil por um evento desse nivel! Esse banco tem historia no esporte! http://t.co/GBHjhVCIxu
Positivo;PARABÉNS AO #BANCODOBRASIL, ORGANIZAÇÃO IMPECÁVEL, NENHUM ARTISTA ATRASOU A APRESENTAÇÃO, ALGUNS COMEÇARAM ATÉ ANTES!
Positivo;n consigo acreditar que o extrato em pdf do #bb é melhor que o do #itau, muito ruim o extrato gerado pelo #itau #fail
Positivo;Graças a Deus deu tudo certo, amanhã começo no meu Novo Emprego #Bradesco =D
Positivo;Esqueci o cartão em casa a caminho da rodoviária,acabei d descobrir que da pra sacar dinheiro s/ o cartão, amando muito o @bradesco agora :)
Positivo;Sendo muito bem atendido pelo pessoal do @alobradesco
Positivo;"Isso que é banco meu povo =&gt; “@AloBradesco: @GordoGeek Olá! Te ligaremos em breve. :)”"
Positivo;@AloBradesco é o canal mais rápido de resposta do banco. Solução prometida para amanhã. Até lá.
Positivo;Hércules, Regilandio e Stefano do @AloBradesco resolveram migração para o MAC. Obrigado pelas partes envolvidas
Positivo;#Bradesco e #Itau PARABENS pela responsabilidade social. #EuNoTeleton
Positivo;"#EuNoTeleton eo   @Bradesco tambem  

   #EuNoTeleton + Voce = Nós ..só depende de Nós"
Positivo;R$ 1.2 MIl! Doação do @Bradesco para o #TeletonBrasil2013.
Positivo;Aew #Bradesco, R$1.200.000,00 pro #Teleton. Muito bom!
Positivo;Parabens @Bradesco pela Doaçao de 1milhão e 200 mil #EUNoTeleton
Positivo;Isso aí R$1.200.000,00 parabéns @Bradesco !!! @TeletonOficial
Positivo;Bradesco - O banco @Bradesco doou R$1.200.000,00 @TeletonOficial. Twitteiros parabenizam . #TudoTrendsBR
Positivo;#Itaú e #Bradesco juntos por uma ótima causa.... Louvável
Positivo;@angelicamari @Bradesco aqui o Bradesco vai bem em chrome!
Positivo;Trabalhar no #Bradesco é ter rock ao vivo! Born to be wiiiineee... :D http://t.co/iLQlUqHHw0
Positivo;Mais uma vez obrigado @AloBradesco pela eficiência no trato com os clientes.
Positivo;Esses dias fiz uma reclamação do #Bradesco aqui no twitter e a equipe do @AloBradesco foi bem atenciosa...
Positivo;O @Bradesco @AloBradesco me ligou e resolveu meu problema rapidinho. Valeu Bradesco!!
Positivo;"EU SIGO E INDICO &gt;&gt;&gt;&gt;&gt;@Bradesco"
Positivo;Parabéns a todos que fazem os perfis @AloBradesco! #Show
Positivo;Atendimento do @AloBradesco sempre excelente. Token ativo sem precisar ir ao banco. Aprende com eles @HSBC_Atende.
Positivo;@AloBradesco Ok muito obrigado por tirar minha duvida , estou seguindo vocês uma ótima tarde
Positivo;@AloBradesco Obrigado pela atenção
Positivo;"Meu cartão Visa acabou de chegar, obrigada @AloBradesco &lt;3"
Positivo;Impressionante o poder da rede social ! O @AloBradesco funciona MUITO melhor que o fone fácil !!! Obrigado bradesco !!!
Positivo;Obrigado @AloBradesco ! TUDO resolvido em menos de 24 hs !!! Obrigado mesmo !
Positivo;Muito feliz com o @alobradesco ! Resolveram tudo pra mim !!! Ja o fone fácil , espero que caia uma bomba lá e exploda todo mundo !!!!
Positivo;Fiz meu primeiro saque na agência totalmente digital do #Bradesco - agência do futuro. http://t.co/3PSMTL6oNN
Positivo;O @AloBradesco é a Amélia dos bancos. Cozinha, lava, passa, arruma…. Como nenhuma outra!
Positivo;Caralho, que propaganda foda do #bradesco #queroquetodomundotenha
Positivo;Achei muito fofa essa propaganda natal do #bradesco parabens quem desenvolveu
Positivo;Gostei dessa menina: quer muitas férias para todo mundo em 2014! #Bradesco
Positivo;Consegui ser atendido no #Bradesco, obrigado. Depois de 1 hora e meia.
Positivo;As atendentes do @AloBradesco devem ganhar muito bem. Pq são de uma cordialidade nunca vista em outros bancos.
Positivo;Obrigada ao pessoal do @AloBradesco @Bradesco pelo presente de Natal! http://t.co/vyBaBrKscO
Positivo;Q surpresa agradavel chegar em casa e ter um presentão do @AloBradesco, terceiro ano ja que sou mimado com uma cesta de natal. Obg senhores!
Positivo;@AloBradesco um bom final de ano pra tds xoxal medias ae e obg pelas ajudas durante o ano :D (coloca esse tweet no relatorio)
Positivo;Estamos ficando mal acostumados, @naosalvo. O pessoal do @AloBradesco  ta estragando a gente com esses presentes :P
Positivo;@azaghal @AloBradesco continuem assim ahuhuahuahu
Positivo;Melhor parte do fim do ano: a cesta do @alobradesco :D http://t.co/19YUwTa28X
Positivo;E aí, você chega em casa e descobre que ganhou aquele PRESENTÃO do @aloBradesco. Um feliz 2014 pra… http://t.co/fuQYN69hyu
Positivo;Meus filhos quase não ficaram alucinados com o bau do do @AloBradesco http://t.co/kfQa13Mts5
Positivo;Caramba, que cesta linda! Obrigado @AloBradesco! =D
Positivo;"#FF @ImprensaCAIXA =&gt; Agenda #cultural pelo país e notícias da @CAIXA"
Positivo;"@Caixa estuda prorrogar dívida da OSX http://t.co/bTXKtHKAe9 Da série ""o meu, o seu, o nosso""..."
Positivo;Que se lixem os anéis, venha o capital..! #caixa #pt
Positivo;Construção beneficia famílias com renda até R$ 1,6 mil. http://t.co/uCoTukQVGS #MinhaCasaMinhaVida @CAIXA @ImprensaCaixa
Positivo;"#BolsaPódio @aldorebelo:""A @CAIXA é uma grande parceira do esporte brasileiro e uma presença importante p/ ginástica"" http://t.co/fJRIGXwzAw"
Positivo;#BrasilSemMiséria já saiu! http://t.co/Y4vcn8HznC Graças a @CAIXA
Positivo;@ClaroBrasil @ClaroRonaldo Muito obrigado !!! a promoção do twitter foi a melhor coisa que vocês poderiam inventar ...
Positivo;Mas um dia de trabalho !!! ?????? #bomdia #trabalho #mywork #work #clarobrasil #mylife #lifeisbutadream… http://t.co/TGBNg1SZhu
Positivo;"FINALMENTE CONSEGUI A PORTABILIDADE - QUASE SEM ESFORÇO. OBRIGADO, @ClaroBlog! &lt;3 &lt;3 &lt;3 http://t.co/gMtjTMezlF"
Positivo;Novo dia, Novas metas, novos desafios... Hora de Produzir!!! ???????????? #bomdia #mywork #clarobrasil… http://t.co/vVwk8hhv65
Positivo;Bom dia Hoje é dia de Ação Externa!!! Simbora produzir... ?????????????????? #bomdia #clarobrasil #vempraclaro… http://t.co/nQ9Ddf0XxA
Positivo;Ação Externa !!! ????????????? #clarobrasil #sejoga #vempraclaro #trabalho #mywork #love #equipeplanet… http://t.co/E5Zbv1jAYV
Positivo;obgrigada @claro pelo tt mobile de graça \o/
Positivo;Muito obrigado @ClaroBlog pelo presente de 200 torpedos
Positivo;@ClaroBlog Sou cliente da Claro a 6 anos e meio e nunca tive sérios problemas, ja em uma concorrente foram 3 meses de tortura!
Positivo;Opa, curti, parece que acesso ao facebook pela claro está de grátis. #ClaroBrasil #ClaroRonaldo #Chupa3g  @claroronaldo @ClaroBrasil
Positivo;É por isso que as vezes eu gosto da #Claro! http://t.co/uTI4cqvriq
Positivo;Jênia @ClaroBrasil
Positivo;Facebook e Twitter grátis até pra pós pago! Hehe! Aí sim @ClaroBlog
Positivo;Obrigada @claro
Positivo;Problema resolvido, obrigada @ClaroBrasil  o/ já posso respirar melhor agora kkkk
Positivo;Essa 3G da @claro é uma beleza.
Positivo;Hoje é dia de ser Feliz... ????????????? #bomdia #trabalho #clarobrasil #foco #força #fe… http://t.co/BE8YalDtMl
Positivo;"E a #Claro (@ClaroRonaldo) dando show de respeito ao cliente! Parabéns!! 
http://t.co/JgsuexDo81"
Positivo;Obrigado, @claroronaldo @clarobrasil, finalmente eu consegui fazer meu modem funcionar depois de UM ANO usando a @timbrasil.
Positivo;Gente eu aqui passado com a velocidade do 4G do iPhone 5S da #Claro (Perfeito)
Positivo;@Gusbelli @claro eu uso e não tenho problemas aqui no Rio.
Positivo;@danicarolp @claro eles estão com um pacotes combos com a @NEToficial que parecem interessantes
Positivo;obrigado…mas poxa… RT @ClaroBlog: Olá, Neto. Pode ficar tranquilo que o acesso será liberado em dezembro. Conte com a gente se precisar.
Positivo;A Internet 4G da #Claro é outro nível hein !!!! Luxo, Poder e Glória !!!
Positivo;@ClaroBlog Enfim, como vcs já me ajudaram... conto com vcs mais uma vez...
Positivo;Confraternização da clarobrasil .Amo muito tudo isso ????????? #confraternizacao #clarobrasil… http://t.co/tvPQLxtdJq
Positivo;É Claro que é a melhor Equipe !!! ?????????? #clarobrasil #equipeplanet #trabalho #mywork… http://t.co/FsDSkDuwvr
Positivo;"Equipe Claro @planetcellcg 
Equipe Bombacao !!! ????????????? #clarobrasil #equipeplanet #equipebombacao… http://t.co/Br4rLSsn3D"
Positivo;demorou, mas enfim a dona @ClaroBrasil resolveu atender minha solicitação...
Positivo;E viva o #4GMax da #Claro!!! \0/ http://t.co/hWakXeTpNl
Positivo;como presente de natal a minha 3g está muito rápida obg @vivo
Positivo;4G da @ClaroBlog até agora funcionando muito bem.
Positivo;@NFumache @ClaroBlog o 3G comigo sempre funciona muito bem também rsrsrs
Neutro;"Alguém usa @claro ? Estou pensando em sair da @TIMBrasil para Claro , falem agora ou calem para sempre. ;)"
Neutro;Cansaço me define !!! ???????? #trabalho #mywork #cansado #clarobrasil #mundodoramonknowles @ Terminal… http://t.co/yZ5vAUx1Yz
Neutro;@NickyDLoBasico yo toy @claro la company
Neutro;@Boladesebo_ @claro nos cuida
Neutro;Esperando a loja abrir (at @ClaroBlog) http://t.co/Vkiju6IHDR
Neutro;Finalmente comprei meu chip da @Claro
Neutro;@ClaroBlog DM urgente! Obrigado
Neutro;@ClaroBlog e ainda fazendo venda casada de iphone com chip
Neutro;Bom dia Feliz pra Todos!!! ??????????????? #trabalho #mywork #bomdia #clarobrasil #sejogavempraclarovem… http://t.co/CRlxjAT7sG
Neutro;@claro me pasas el asterisco de corporativo por favor
Neutro;Bom dia Mundo! ??????????? #trabalho #mywork #trabalho #Top #clarobrasil #equipeplanet #EquipeBombação… http://t.co/NbXLd65RCo
Neutro;Reunião com a Equipe Claro Planet Cell... ????????????????????  #trabalho #clarobrasil #Dezembro #equipeplanet… http://t.co/XKX22NVMm1
Neutro;#claro #job #bdaydeborah @ Shopping La Plage http://t.co/COh1fL2KDL
Neutro;Lindas @PryOliveira__ e karinealbuquerqueb ??????????? #confraternizacao #clarobrasil #love… http://t.co/K1681J9ZgK
Neutro;Confraternização da clarobrasil Equipe @planetcellcg ????????????????? #clarobrasil #equipeplanet… http://t.co/Ud3LlylpLF
Neutro;#Top @PryOliveira__ ????????????? #friends #top #clarobrasil #equipeplanet #equipebombacao #confraternizacao… http://t.co/xpDFYO0GQz
Neutro;Fim de Confraternização !!! ???????????? #Equipeplanet #clarobrasil #confraternizacao #Top #friends… http://t.co/50CAqD53Zz
Neutro;Dificuldade de mandar UM sms. A #claro tá com algum problema será?
Neutro;Meu trabalho é Claro !!! ????????????????? #equipeplanet #top #acaoexterna #clarobrasil #sejogavempraclarovem… http://t.co/R03gpAZpj7
Neutro;Se joga, Vem pra Claro vem !!! ????????????????? #equipetop #clarobrasil #mywork #trabalho… http://t.co/eB090MoOCE
Neutro;Bom dia !!! É Hora de Produzir e Ganhar dinheiro... ??????????????? #clarobrasil #love #mywork #trabalho… http://t.co/sdTaBWlntv
Neutro;"Então é Natal e o que voce fez? &lt;3 :* #happy #merrychristmas #amazimg #clarobai #clarobrasil http://t.co/pnpwNfA3jO"
Neutro;Aprendi com a @ClaroBrasil que um drible no Neymar é outra coisa.
Neutro;Café da Manhã Especial na Loja... ?????????????????? #clarobrasil #job #mywork #amomuitotudoisso #gordices… http://t.co/wSWCgMr3KL
Neutro;Meu Povo... ????????????? #mywork #trabalho #friends #clarobrasil #equipeplanet #Top #love #amomuitotudoisso… http://t.co/S1EeEazAzE
Neutro;Bom dia !!! Hora de trabalhar e ganhar dinheiro... ??????????? #bomdia #trabalho #mywork #clarobrasil… http://t.co/M8akkigvPi
Neutro;@brunocaracciolo @ClaroBlog puxa saco do caramba! Vai ter desconto, não!
Neutro;Amanhã vou pagar a @ClaroBrasil e cancelar meu plano
Neutro;http://t.co/EWMZipCAnh um oferecimento @rede_globo e @CAIXA
Positivo;"""Eu faço parte de algo que é capaz de fazer sorrir, encantar, alegrar e emocionar. 
Eu faço parte do #Itaucard""... http://t.co/SpdIAiPwXS"
Positivo;"Mega evento... #itau #mocoto #topteam #sucesso ; ) http://t.co/CjH7HfRI4b"
Positivo;Não gastei nada para trocar 30 mil pontos do @itaucard por pontos @Multiplus. Já o @kmdevantagens cobra R$ 1.470. Que diferença, hein?
Positivo;Taí, meia hora depois o @itaucard me liga e o problema tá resolvido. Obrigado. =)
Positivo;Olha como o ITAÚ é bonzinho comigo, @itaucard http://t.co/WgyGp9NiVD
Positivo;Nova campanha saindo. Eu e o @celso_kamura :-) #itaucard #itau #lovemyjob raphaelbn @ casa do meu amigo http://t.co/oELAS7h93S
Positivo;#cineart #itaucard paga meia agora. Muito bom http://t.co/uIMWqfinIQ
Positivo;Muito legal esse projeto do #Itaú Social! http://t.co/d0d2EgRIqO
Positivo;"EU SIGO E INDICO &gt;&gt;&gt;&gt;&gt;@itau @Itaucard SE VOCÊ ME SEGUIR... RSRSRS"
Positivo;O comercial da #itau eh sensacional. #diadascrianças
Positivo;O #itau investe na leitura das novas gerações através desta linda ação! Parabéns #itau #issomudaomundo http://t.co/BsNkuBJQSf
Positivo;leia para uma criança #itau http://t.co/Mv73Idhwvv
Positivo;#Bradesco e #Itau PARABENS pela responsabilidade social. #EuNoTeleton
Positivo;#Itaú e #Bradesco juntos por uma ótima causa.... Louvável
Positivo;Sempre MUITO bem atendida pela @Itaucard ! Muito obrigada!
Positivo;#LeiaParaUmaCriança #IssoMudaOMundo #Itaú http://t.co/wvZ6u8lsN5
Positivo;opaa problema solucionado! #ItauCard lindo rsrs 'não mostre o seu #CartãoCrédito a ninguém =)
Positivo;Chegaram! Obrigada #itau http://t.co/h1Rp2Gn0eZ
Positivo;@Itaucard obrigado pelo atendimento rápido e pela solução do ocorrido. (Y)
Positivo;@Animadissima Bom dia! Em casos relacionados ao cartão peço que entre em contato com o @itaucard, eles irão te ajudar da melhor forma. =)
Positivo;Consegui estornar uma compra indevida feita no ML com meu cartão de crédito em 5 minutos! Parabéns Itaucard pela eficiência #itaucard #itau
Positivo;"@Itaucard Obrigado por responder tão rápido ;-)"
Positivo;@itau to TÃO feliz que nem sei explicar pra vocês. cc @Itaucard
Positivo;Que demora para o #Santander aprovar um compra online, se fosse #Itaucard era em minutos... #tenso
Positivo;"@itau voce e a @saraivaonline sao os melhores &lt;33333"
Positivo;Liguei para o pessoal do atendimento do @Itaucard, e em menos de 30min já recebi um email com meu problema solucionado. Parabéns @Itaucard
Positivo;Consegui cancelar o cartão de crédito #Itau em menos de 10 minutos. Muito esquisito!
Positivo;O atendimento do @Itaucard é ótimo! Parabéns. 30 horas também no Twitter
Positivo;A melhor coisa que já fizeram Twitter do #itau ajuda muuuuitoooo !
Positivo;Essa propaganda da copa feita pelo #itau ficou linda. Excelente de verdade.
Positivo;Puts... o #ITAÚ depravou no Comercial!
Positivo;O @itau me fez feliz hoje!!! Agilidade na entrega da 2ª via do cartão (2 dias úteis!) =D #itaucard #itaú #IssoMudaOmundo
Neutro;@itau queria sabe o que a demi passou
Neutro;@itau tenho uma pergunta, posso fazer?
Neutro;@itau Porque os caixas eletrônicos não aceitam barras de ouro?
Neutro;#itaucard quero meus pontos de voltaaa. E pode pwgar esse mixer aqui q nao quero!
Neutro;#itaucard podemos resolver meu problema por email?  Riofamily@ig.com.br
Neutro;Agora eu entendi porque meus amigos com @itau e @Bradesco estão sem fazer compras internacionais. http://t.co/Qq5os6rlSy
Neutro;"Peça a sua coleção de livros infantis do @itau ~&gt; http://t.co/V3EYU3Xy2K Leia para uma criança. #issomudaomundo"
Neutro;"eu titular, ele banco --&gt; RT @amsjunior ow @Itaucard me liguem"
Neutro;Vamos dar aquele rolê de bike ? #salvadorvaidebike #itau #bicicleta #Salvador #Bahia #brasil #Brazil… http://t.co/l29ZBtItcs
Neutro;"Cadê a Marina do #Itau &gt;&gt;&gt;&gt;&gt;Bancos lucram R$ 60 bilhões e oferecem 0,97% de aumento  http://t.co/Z5gYHMP4MS"
Neutro;@itau o perfil @Itaucard é oficial ?
Neutro;@Itaucard mensagem para o itaú, espero q resolva meu caso
Neutro;@caboquisse Siga @itaucard para um atendimento dedicado a cartões de crédito.
Neutro;Partiu #Itau e depois casa da linda da Letiicia Machado conhecer o little baby *-*
Neutro;"Treino de hoje.
#selecaobrasileira #treino #cbf #cbffutebol #felipao #bola #vivo #nike #itau #futebol… http://t.co/dfTrjiA13l"
Neutro;Mais um naaaaaaaaao :s #credit #card #Mastercard #cartao #credito #itaucard #2 @ Onde o Vento Faz a… http://t.co/rJuAo2Izoh
Neutro;@itau por favor, o perfil @itaucard é verdadeiro?
Neutro;"Banco manda cartão novo com vencimento em Dezembro de 201....3.

Parabéns, #Itau"
Neutro;Vou no #Itaú e depois vou pra casa, to saindo #partiu
Neutro;Vou no #Itaú pegar meu token novo e depois vou fumar um baseado
Neutro;Vocês financiam o playstation? @itau @Bradesco
Neutro;partiu jogo , #QUEBRADEIRA #ITAU
Neutro;Aderi a campanha “Leia para uma criança” do @itau. Comecei a ler meu extrato pro meu filho e ele não curtiu. Não entendi essa campanha.
Neutro;"@jampamatos Aham. Como podemos te ajudar, Jampa? ;-)"
Neutro;@itau tafora do ar?? http://t.co/1mKjSVcmvy
Neutro;Cara de sono mas bora trabalhar #work #love #itau http://t.co/hLHjaHZOfm
Neutro;"Nunca vou querer ser aquele otário! RT @itau Quer ser o rei do camarote? ;-) Veja quanto vc precisa investir pra ganhar seu 1º milhão…"
Neutro;Feito pra o Brasil. Feito pra você.       #Itaú
Neutro;@LeoJaime @itau É só autorizar que funciona. O meu funcionou. Ou seu Firewall pode estar bloqueando os pop ups, tem que desbloquear.
Neutro;aí o @itau nao me deixa usar o cartão de débito, dá sempre não autorizado. mas consigo retirar $ no caixa.
Neutro;Hei @Itaucard , nem tenho conta no banco e estou recebendo ligações dizendo que tenho crédito aprovado pra ter um cartão de crédito.
Neutro;"Valeu #itau, valeu terrinha &lt;3 http://t.co/pNGdQJFXIO"
Neutro;Segunda vou ir no #itau fazer um empréstimo pra poder ver meu Galaoo da massa!
Neutro;@itaucard vocês simplesmente desativaram o Itau travel money no meio da minha viagem?
Neutro;@phanzer Entendi, lindão. Vc pode tentar conversar com o @itaucard =)
Neutro;"Chego no #Itau... ""Senhor o seu gerente agora é de São Paulo e vai lhe atender remotamente""  vocês… http://t.co/PmfkCGKuWe"
Neutro;Minha parceira por 4 dias #bike #itau #RJ http://t.co/XKInrCSQSx
Neutro;desbloquear a que eu já tenho @Itaucard
Neutro;Vocês vão baixar as tarifas?! RT @Itaucard: Vc já faz tudo online, que tal esquecer o papel e mudar para fatura digital?
Neutro;@pontofrio @Itaucard melhor deixar pra lá, pretendia fazer altas comprar por lá...acredito que achou outro lugar melhor pra se comprar ~
Neutro;Sorte de hoje... vc não foi acordado na manhã deste sábado pelo Banco #Itaú...
Neutro;@itau Estou querendo efetuar um pagamento, mas as negociação esta difícil, poderia me ajudar? #itaucard
Neutro;"@itau Então.. Eu coloquei ""Zerrie é real"" e apareceu uma mensagem escrita ""Isto não é verdade""."
Neutro;Tinha que ter Black Friday pra minha fatura do @Itaucard / @itau.. rs
Neutro;Muito boa essa propaganda do #Itau onde no sorteio da copa ninguém quer enfrentar o Brasil. Rsrsrs
Neutro;molhada com essi paizão S2 #Itaú
Neutro;@bloggalopreto Poxa, quem aprova o cartão é o @itaucard =)
Neutro;o @itau deveria ter caixas eletrônicos especiais para pessoas com mentalidade de TOPEIRA
Neutro;por favor @itau mande meus parabéns para a atendente Kellen da agência 9087 por motivos de: é gata d+
Neutro;@SouLuizGustavo Você pode tirar suas dúvidas do cartão com o pessoal do @Itaucard =)
Neutro;@itau Eu nao, o @caiofbueno sim, mas já está resolvendo com o @itaucard. Eles sao oficiais neh?
Neutro;aumenta meu limite de crédito aí, @Itaucard
Neutro;@Itaucard Tenho uma solicitação e gostaria de conversar por DM
Neutro;Amanhã cedinho ligar pro @Itaucard resolver um bafo
Neutro;SP Eu te amo!! #Natal #Paulista #Itau http://t.co/az7LZxSIIf
Neutro;@itau Olá, eu estou com alguns problemas pra acessar minha conta :s Vocês poderiam me ajudar? Obrigada.
Neutro;"@itau Então, é que quando aparece ""digite sua senha"" eu coloco ""jerry"" e diz que a senha é muito grande. O que eu faço?"
Neutro;#natal #luzes #avenidapaulista #paulista #sp #vejasp #sãopaulo #sampa #itaú @ Avenida Paulista http://t.co/UFswA7OKWU
Neutro;@Itaucard Mandei uma DM pra vcs
Neutro;@Andre_Suporte ops, olha o Adobe Flash Player #Itau http://t.co/UdNbwje6UE
Neutro;#Paulista #SãoPaulo #Brasil #Itau @ Avenida Paulista http://t.co/e4CY4THvhX
Neutro;4550 reunida!! #itau #job #love @ Marina da Glória http://t.co/nfDuy84xAd
Neutro;@Itaucard vcs estao por aqui?
Neutro;@Itaucard Preciso tirar uma duvida de 2ª via de cartão.
Neutro;baby #natal #itaú #amelhor http://t.co/0tMUdmQm87
Positivo;Bora ser seu próprio chefe, trabalhar com esportes e ganhar 20 mil reais? A #InterU e o @BancoDoBrasil explicam como: http://t.co/ZgbqthSluF
Positivo;Para Paulo Bernardo, fusão entre PT e Oi é positiva para o Brasil   #pt #oi  http://t.co/e4Z1rBDAz0
Positivo;Aff presente maravilhoso da #Oi: o novo BlackBerry Z10! Todo lindo e cheio de funcionalidades! ???? @… http://t.co/5O5leKmdhH
Positivo;TIM CLARO VIVO NEM CHEGA PERTO DA #OI,A #OI TA CLARO NO QUE PROMETE,VIVO QUEM TEM #OI,ATÉ O TIM DIRIA,SOM NA CAIXA,#OI AUAU
Positivo;Ganhei 30 torpedos da @Oi . Vou joga-los todos no @obama
Positivo;A #oi lançou dois chips em um que funciona como micro também. Só faltou o nano pra ficar perfeito. http://t.co/5aME3UTG5E
Positivo;Cara que noticia linda.... Naum pude deixar de deixar meu #Oi pra esse cara que tive a oportunidade de… http://t.co/c4ZbsZdMSP
Positivo;Ta bom @oi https://t.co/WLoRovcGXK
Positivo;@carolina_ana1 @claro da @digaoi é perfeita
Positivo;"@bb essa imagem ficou ""muito legal"". Lindo casal. #rimou http://t.co/xnXaFG73rq"
Positivo;Urrul! Legal esse site, tweeta automatico e rapidinho!! http://t.co/JlrM7v4E8G #timbeta #rt #socialup #legal #Oi
Positivo;Muito bacana da parte da #Oi - Vários colaboradores compraram os presentes das cartinhas das crianças… http://t.co/g4pZeWkOGB
Positivo;Prezada @digaoi. Vocês foram rápidos. Já funciona. Meus agradecimentos.
Positivo;Obrigado @LeiSecaRJ ,graças a divulgação do meu caso aqui, a @digaoi tratou meu caso como PRIORIDADE e consegui instalar o fixo hj!
Positivo;Atualizei minha agenda em poucos segundos com o App Oi 9º Dígito! Saiba mais: http://t.co/eGOOV7ILC3 #Oi #9digito #iOS #Android
Positivo;@digaoi agradecemos a brevidade.
Positivo;Valeu @digaoi @digapor ter rezouvido o pobrema da inter net da mãe da Nega Jujú...a véia tava ficano doida...ela é aviciada em vídio pornô.
Neutro;Ontem tinha 3G aqui hoje não tem oq aconteceu em @oi
Neutro;"Falei dois minutos com um celular #oi e gastei R$ 1,25
Os mesmos dois minutos com um #Vivo saiu R$ 2,85
Quer dizer..."
Neutro;@TeamAnittaAL @oi Oi !
Neutro;@mileysbica @oi @oi @oi
Neutro;@oi essa boca tem programa para hoje?
Neutro;@TeamAnittaAL @oi se eu puder :)
Neutro;@byvictoria2010 @Oi amor, você é fã e sabe o quanto é IMPORTANTE abraçar seu ídolo ne? Me ajuda numa promoção para eu realizar esse sonho?
Neutro;@TeamAnittaAL @oi Sim :)
Neutro;@digaoi fui instruído q eu deveria entrar c/ o login: ...@R7 e não mais c/ ...@oi.com.br ! Pois houve um problema c/ a minha área de acesso.
Neutro;Vou ter que renovar minha promoção da #oi, venceu
Neutro;@digaoi continuam #digaoi #oi
Neutro;Justiça manda Oi reduzir tempo para cancelamento de linha #oi  http://t.co/EPkBVLgzSV
Neutro;@digaoi Por Favor olha minha DM. Obrigado
Neutro;Adeus @tim olá @Oi
Neutro;É incrível como a @Oi se comporta como se não tivesse concorrência!
Neutro;ñ sei mais o que fazer pra tirar o vírus desse modem, me ajudem @digaoi
Neutro;Oi lança chip de duplo corte, compatível com Mini-SIM e Micro-SIM. http://t.co/ezWLlnkU3t #Oi http://t.co/f0si3d4d03
Neutro;“Oi” apresenta primeiro cartão sim de duplo corte do Brasil – Portal Inboox http://t.co/vDwpKxrnW0  #oi
Neutro;Você é a razão de todas as vezes que eu pedi crédito emprestado pra #Oi.
Neutro;@marianarj Boa tarde, Mari. Conte pra gente esses casos. Queremos ajudá-la.
Neutro;Ai esses fios de açúcar da #Oi
Neutro;RT @pedro_truda: Alguém sabe se #iraja todo está sem luz? Prédio da #oi sem energia. @lightclientes
Neutro;A partir de 27/10 os celulares com DDDs 21, 22, 24, 27 e 28 terão o 9º dígito. Saiba mais e atualize a sua agenda http://t.co/NFRTgUa4rj
Neutro;@ramoniercosta @oi td bem
Neutro;@BellOficial @oi td bem
Neutro;Eu to aqui só pra dizer que tenho certeza que hoje a @lentescorderosa  vai dormir de meia #frio #oi
Neutro;Querida @Oi sua internet é boa, mas quando cai, parece que morre, porque não volta mais.
Neutro;@Oi minha linda, tudo bemKetlensuzy
Neutro;Alguém sabe me informar, qual o twitter da #Oi?
Neutro;@oi eu quero...
Neutro;Lol - http://t.co/LDUfc8bL0t #aussie #aussie #aussie #oi #oi #oi
Neutro;FICA XIIIIIIIIIIU @yuudz_ @Oi
Neutro;@oi tudo bem com vc
Neutro;Eu digo #Oi lindo! Ele responde: #Oi deixa eu te ver de calcinha na Câmera !! #Eu q isso nem te conheço
Neutro;Gente o Caio Castro quase me fazendo comprar o iPhone 5S da #Oi hein rs !!!
Neutro;pô @oi me da um chip vai #EUquero_1_Oigalera
Neutro;Tá protocolado e nem q eu tenha q pedir uma medida cautelar pedindo as gravações destas ligações com a @digaoi eu vou pedir.
Neutro;Não / RT @digaoi Quer trabalhar na Oi?
Neutro;Alô, @digaoi , alguma noticia do que esta acontecendo?
Neutro;@bpontes @LeiSecaRJ @digaoi tb esperei duas semanas pra transferencia de fixo e velox q era pra ter levado 5 dias. Tenso demais.
Neutro;@Oi oi
Neutro;@didinkz eu dei sorte, depois da @digaoi me deixar pastando o sábado passado todo, eles prometeram instalar no próximo sábado... Será?
Neutro;Net chegando em Palmas... Vamos ver se com concorrência a @oi melhora!
Neutro;A @digaoi vai devolver minha conexão e aumentar em 50kbps a minha velocidade p cada RT neste tweet. #DevolveMinhaConexãoOi
Neutro;@NesterTweets co-produção da @digaoi
Neutro;@GAUCHAO_RS @NesterTweets @digaoi produção executiva vivo
Neutro;Agora meu numero faz parte da #DigaOi
Neutro;foi você @oi @gvt @policiafederal
Neutro;Atenção @digaoi quero uma conecção igualzinha ao do @LeoJaime #EtenhoDito
Neutro;@webANA2005 @digaoi Tem que ter o airport da apple.
Neutro;Nem sei o twitter oficial da oi é @oi mesmo
Neutro;Vou fazer um plano na #OI pra ligar pro @CaioCastanheira :3
Neutro;@foxxavier @digaoi choveu forte ontem.
Neutro;To em duvida se abro minha conta na @caixa @santander_br ou @Bradesco
Neutro;VerreschiFeelings #Inauguraçao #Santos #santander #bradesco #cool #happy #smile http://t.co/HalwEu4MIX
Positivo;"Em breve nas melhores lojas do ramo!!!
@sonymusic 
@skybrasil 
@aesfingedoegito 
@PretinhoDaSerra… http://t.co/Ra1A2AmkNM"
Positivo;Bento é uma paisagem perfeita na minha #SmartTV !!!  #SkyBrasil
Positivo;@skybrasil ele na frente sempre. (Vamos querer bonificações pelo merchan. #SkyBrasil) http://t.co/qciJJ8fReO
Positivo;Priiiincesa liinda *-* #skybrasil #hdtv #sucesso #sky #love #claudialeitte #princesa #tv… http://t.co/6cVfD3E6qC
Positivo;Photo: Priiiincesa liinda *-* #skybrasil #hdtv #sucesso #sky #love #claudialeitte #princesa #tv... http://t.co/b8CHHjawjA
Positivo;Menus da Sky atualizados... Ficou top! #skybrasil
Positivo;Tenhos Net e Sky já! RT @Chico_PC: @edutrevisan @SKYresponde muda pra @NEToficial quem tem 3 ESPNs EM HD!! + 2 SPORTVs e a FOXSPORTS!
Positivo;@SKYresponde Curti a nova cara da #SkyHDTV Parabens...
Positivo;@skybrasil  atualização de ontem fico muito bom novo menu #skybrasil #sky #novasky http://t.co/N1DMBAEm1n
Positivo;muito melhor e bonito o novo guia de programação da @skybrasil! Quando é pra elogiar, vamos elogiar. #SKYbrasil
Positivo;"Amei em estar com o meu time @Skybrasil  vcs são demais todos vcs.
 I love this time that I had… http://t.co/ZfZoTsQNx1"
Positivo;"Achei muito top o novo design da SKY HD (y)

#SkyBrasil #SkyHD #NovoDesign"
Positivo;Sinal perfeito com chuva forte, mais um mito derrubado!! #Sky #skybrasil #chuva #rain #hdtvéisso #dth… http://t.co/BYnsmtFP4l
Positivo;Marcela Temer acaba de me ligar e informar que a @skybrasil resolveu o problema lá de casa. Finalmente! Poderei ver o Galo em HD no Mundial!
Positivo;"só de boa assistindo tele cineeee!
só filme boooom!
#skybrasil
#telecine"
Positivo;Falei com a @SKYresponde num dia, me ligaram no outro e já tem um cara aqui pra instalar. Ótimo atendimento!
Neutro;Na #SkyBrasil no canal 86. http://t.co/BZdijxP18e
Neutro;A primeira atração da #mtv é a #maedinah começou mal hein...já vi na programação da #skybrasil que vai ter fiuk, vish, tá difícil...
Neutro;sera que vai ser uma boa substitui o canal VH1 para colocar a nova mtv? #skybrasil
Neutro;@SKYresponde Por que vocês não trocam o ESPN BRASIL- HD pela ESPN-HD, faria a alegria de meio mundo voces sabem a diferenca.#NFLnaESPN???
Neutro;@SKYresponde estou aguardando um contato da sky para resolver um problema de fatura, quero saber se ainda vão fazer esse contato hoje..
Neutro;Pre-pa-ra!! Faltava essa ne @crisrudge #luxo #skylive #skybrasil ??????? http://t.co/sn13B4oMrV
Neutro;Fazendo uma promessa para pagar no dia que a @skybrasil habilitar o Esporte Interativo na programação.
Neutro;Ô @SKYresponde, serio mesmo. Terei que assistir o superbowl em SD pq vc nao tem o espn hd? :/
Neutro;Sessão de fotos @skybrasil http://t.co/sMLLzMdkcM
Neutro;@SKYresponde Vou acompanhar. Obrigado!
Neutro;@oQuarterback @NFLBrasil  Assinantes da @skybrasil vamos pressionar para colocar a ESPN HD na programação.Favor divulgar #nflnaespn
Neutro;Avise a galera! BARCELONA x REAL MADRID amanhã é só na SKY! Às 14h, ao vivo e exclusivo no Sports+ (28/228 HD)! #BarçaxRealnaSKY
Neutro;@TodaFanTwilight, não temos informações a respeito de sinal aberto da rede Telecine. Fique de olho em nosso perfil e acompanhe as novidades
Neutro;@skyresponde se essa bunda peidasse confete..seria carnaval o ano todo!
Neutro;Assistindo #TelecinePremiumHD #SkyBrasil
Neutro;@SKYresponde Um cliente insatisfeito incomoda muita gente! E um não cliente insatisfeito? INCOMODA MUITO MAIS!!! #SKYBRASIL #SKYHD #SKY
Neutro;@skyresponde estou aguardando a resposta da reclamação postada no site Reclame Aqui http://t.co/EdIUlcWwBX #SKYLIXO #SKYBRASIL #SKYHD #SKY
Positivo;Urrul! Legal esse site, tweeta automatico e rapidinho!! http://t.co/JlrM7v4E8G #timbeta #rt #socialup #legal #Oi
Positivo;@jermbebado merece, por ter me proporcionado um plano vantajoso para q eu me comunicasse com meus amigos virtuais. Parabéns @tim
Positivo;@jermbebado a @tim eh uma boa compaheiraaaa ngm pode negar
Positivo;Ainda bem que o cel. é dual... a #Claro patina e não vai. Salva pela #Tim.
Positivo;Adoooooooooro este casal da #vivo ele já era demais agora com ela então, gata, linda e boa atriz http://t.co/ZhD9fgPj0g
Positivo;que deus te de em dobro, toda a velocidade de internet q vc me deu @vivo
Positivo;O atendimento do call center do Alisyon foi sensacional #Vivoemrede
Positivo;#KCAArgentina #ComunidadTkm #Vivo @RadioTKM
Positivo;Minha Internet Box 4G já voltou de Jaconé !!!! #Adoro #Vivo
Positivo;#vivo, estou impressionado, hj fui atendido com rapidez pelo Guilherme que estava muito bem informado de tudo... # parabéns #momentosraros
Positivo;"To na loja da @vivo comprando um ""BoxVivo"". Negócio tá vendendo como água."
Negativo;5. O resultado é que, porque comprei um aparelho novo na @Vivoemrede, pagando caro, estou há 8 dias sem celular
Negativo;@Vivoemrede #Vivoemrede  que mentira minha casa vivormrede 500 kbps minha casa affs como você vende as coisas pura mentira #Mentira #spagora
Negativo;@Vivoemrede #Vivoemrede  que mentira minha casa vivorede 500 kbps minha casa affs como você vende as coisas pura mentira #Mentira #spagora
Negativo;@Vivoemrede #Vivoemrede  que mentira minha casa #vivorede 500 kbps minha casa affs como você vende as coisas pura mentira #Mentira #spagora
Negativo;Verificar meu resultado do http://t.co/VKjsp5CLA9: #speedtest #vivoemrede. Era pra ser 10mb http://t.co/tD5BFFm0sI
Negativo;E agora #VIVOEMREDE  região sem internet e previsão de retorno dia 08 ao meio dia. #vivo+mortaqnunca
Negativo;A @Vivoemrede @vivoon @vivoblog @vivo é uma porcaria.Minha conta era 130reais ilimitada negociei falaram q baixaria para 92reais sem mudar..
Negativo;@Vivoemrede @vivoon @vivoblog @vivo ...os benefícios ...lorota a conta veio mais cara 145reais baixou nada. Liguei para la tiveram a cara de
Negativo;@Vivoemrede @vivoon @vivoblog @vivo ...pau de dizer q minha conta nem fechou. Como?? Ela está na minha mão e vence 10/11. Enchi da vivo...
Negativo;@Vivoemrede @vivoon @vivoblog @vivo amanhã mesmo vou portabilidade para Tim adeus vivo enganarão pura,agem como se estivessem fazendo favor
Negativo;@Vivoemrede @vivoon @vivoblog @vivo favor para os clientes! Uma porcaria atendentes sem preparação para o público,rede ruim no ES ligações
Negativo;@Vivoemrede @vivoon @vivoblog @vivo caem tempo todo!! Horrível!! CHEGA DE VIVO vamos apostar na Tim se for outra merda como a claro, mudo de
Negativo;@Vivoemrede @vivoon @vivoblog @vivo de operadora denovo chega de vivo!!!!!! BOSTA DE VIVO!!!
Negativo;@Vivoemrede @vivoon @vivoblog @vivo minha conta era 130$ disseram q baixariam sem perder vantagens para 92$ minha conta ta aqui 145$ kd???
Negativo;Foi muito legal quase virar cliente da @Vivoemrede durante os 25 minutos que esperei pra ser atendido na loja até desistir
Negativo;Porra #vivoemrede! Só preciso aumentar o meu plano e estou a mais de 1h e 30m, 4 ligações para não ter nenhum atendimento #servicodemerda
Negativo;Agradeço, comovido, a @vivoemrede por me deixar de novo sem internet. E agora, com um requinte: sem televisão também. Isso é aperfeiçoamento
Negativo;Algum policial aí poderia me dar voz de prisão? Assim, vou pra cadeia e conseguirei usar meu @vivoemrede!!!!
Negativo;Na minha casa, não pega @vivoemrede. Mas nas galerias A, B, C, D e E do Presídio Central, o sinal bomba!
Negativo;#Speedy #Vivo LIXO DE SERVIÇO, o de vocês hein.
Negativo;@Vivoemrede @NaldoValenca  esse #VivoEmrede deve ser robô. repete a mesma coisa p todos os clientes e naõ resolve nada via DM. SAC OFF full
Negativo;"Com apenas 3 meses de @Vivoemrede, estou voltando pra OI. Sério, Vivo é uma baita enganação. Principalmente o ""limite 3G""."
Negativo;“@aninhaxx: @estebantavares @Vivoemrede ata, dai tu vai mudar de CU pra CU PRETO?” Fui da OI 4 anos e NUNCA tive problema.
Negativo;@Vivoemrede @vivoblog #Vivoemrede #vivoblog  vivo ou telefonica é pior aqui pereferia de SP Capital lixo puro não tem qualidade Net lixxxx00
Negativo;Só para constar, a @Vivoemrede é a pior operadora do universo! Atendimento ridículo! Estou a 55 minutos esperando o atendente!
Negativo;Por incrível que pareça ainda estou tentando falar com a @Vivoemrede. Acho que pouco importa para eles mas amanhã mudo para @ClaroRonaldo
Negativo;@vivo vai conseguir me tirar do sério.  Nao há santo que consiga falar no telemarketing dessa empresa lixo
Negativo;"Enquete. Qual a pior concessionária? 
@SuperVia_trens
@metro_rio
@novacedae
@lightclientes
@TIM_AJUDA
@ClaroRonaldo
@Vivoemrede 
@oi"
Negativo;A picaretagem da @vivo é tamanha que até o *8486 cai durante a ligação. As teles assinam TAC más não cumprem né @MP-RS @ProconRS
Negativo;Sempre aguentei os desaforos da @vivo mas agora foi o cúmulo do desaforo #Vivoemrede aguardem meu processo
Negativo;#vivoemrede onde esta seu atendimento???
Negativo;#vivoemrede chat não funciona, telefone não funciona, sms não funciona, perfil no facebook não funciona, twitter não funciona...
Negativo;@Vivoemrede E qual foi o problema mesmo com o 3G em São Luís? Há 3 horas sem funcionar! Obg
Negativo;E cadastra sua reclamação, então PQ pergunta se pode ajudar fica quieta #Vivoemrede
Negativo;Pra variar, #VIVO sem sinal
Negativo;O 3G da @Vivo é péssimo. Não recomendo,não entrega sequer 1/5 da velocidade prometida. Vou mudar. #Fail
Negativo;Como a @vivoemrede pode ser tão confusa, gente? 5a. equipe q vem em casa pra instalar a fibra óptica e nunca acertam dia, linha, etc.
Negativo;Há 20 min c/ a moça da @vivoemrede e ela me diz:'tem que aguardar pq eu não tenho fibra optica aqui' pq o prédio é velho no centro de SP.
Negativo;ACHO QUE NAO EXISTE PIOR SERVIÇO DE TELEFONIA DO QUE A @Vivoemrede QUE DEIXA A GENTE MORTA DE RAIVA
Negativo;@Vivoemrede POR QUE O TELEFONE DA OUVIDORIA NAO ATENDE?
Negativo;30 MINUTOS PARA TENTAR RECLAMAR DO PESSIMO SERVIÇO DA @Vivoemrede
Negativo;A FRASE QUE A @Vivoemrede  MAIS CONHECE É ANOTE O PROTOCOLO
Negativo;Muito aborrecida com a empresa @vivo @Vivoemrede. Há dois meses, tentando cancelar um modem. E não consigo. E as contas chegando...
Negativo;Especialmente pro #luansantana e esse marketing fdp da #vivo http://t.co/HcseQzxlAu
Negativo;A @Vivo está fazendo o contrário da decisão da Anatel. Invés de entregar 70% da banda larga, só libera 30%. Alô fiscalização! #Anatel
Negativo;BANDO DE INÚTIL! QUE ÓDIO QUE ME DA! @ClaroRonaldo @Vivoemrede SEUS LIXOS! VOCÊS SÃO O RETRATO DO DESCASO AO CONSUMIDOR! MALDITOS
Negativo;Como é difícil falar com a @vivo por telefone! A ligação já caiu duas sem que eu consiga concluir o atendimento.
Negativo;eu vou processar vcs @vivo
Negativo;"@Vivoemrede ""vivo em rede"" propaganda enganosa feelings"
Negativo;"@claudiabistao  Serviço horrivellllll &gt;&gt;&gt;&gt; @Vivoemrede #Vivoemrede"
Negativo;@Batistafabio @Vivoemrede #Vivoemrede Eles querem resolver tudo por SMS! Quase mudando para a TIm!!!!
Negativo;@vivo sua desgraçada, devolve a minha internet
Negativo;alo @Vivoemrede da um jeito nessa internet LIXO de vcs pq nao ta dando nao
Negativo;To na loja da @vivo no @praiadebelas com 3 demandas e não atendem nenhuma, pq querem fechar a loja 21:37 #MeEnganaVivo
Negativo;O pior é você ir na loja da @Vivoemrede e a mocinha não só duvidar de você como não te ajudar a solucionar o problema.
Negativo;internet @vivo sempre uma merda
Negativo;Chuva desde domingo em Campos do Jordão. E há três dias o Speedy da Vivo está Slow.... #vivoemrede  http://t.co/lTLuJQyNsJ #speedtest
Negativo;Se quiser fugir do sol faça um 3G da @vivo nenhuma outra empresa oferece tantas zonas de sombra...
Negativo;#vivo , internet muito lenta!!
Negativo;Lembra 5 dias atras quando disse q havia solicitado os serviços de telefonia e internet fixa da @Vivoemrede e q ja estava arrependido?
Negativo;"Me foi passado q nem pedido da internet tinha. Ai chegamos no ponto em que eu me irrito e tento cancelar o ""serviço"" ""pretado"" @Vivoemrede"
Negativo;30 minutos na espera, passei por 3 atendentes , todas extremamente mal-educadas, com respostinhas prontos e ate engraçadinhas @Vivoemrede
Negativo;quando perguntado sobre o motivo do cancelamento informei tudo isso e q em 3 ligações @Vivoemrede .... nunca tinha sido tão mal atendido...
Negativo;como fui em toda minha vida por empresas q me prestam serviços @Vivoemrede .Como me deixaram 30 minutos na espera do cancelamento,sendo q ..
Negativo;"ja havia falado e me ionformado q o cancelamenbto ja havia sido feito e a ligação ""caiu"" bem na minha cara, informo p  vcs da @Vivoemrede :"
Negativo;Nao me venham  cobrar por um serviço de 5 dias que vcs não fizeram e não falem  que nao se completou o cancelamento @Vivoemrede
Negativo;pois foram vcs depois d 30 minutos q desligaram na minha cara @Vivoemrede . Nao pagarei bosta nenhuma p vcs e proximo passo cancelar celular
Negativo;Aprendam a serem no minimo educados com quem é cliente de vcs @Vivoemrede . Empresa lixo, perda d tempo ja aviso todos vcs
Negativo;Obrigado  JANIA  a unica ajuda q quero de vcs é o cancelamento desta merda @Vivoemrede obrigado
Negativo;Prefiro ficar sem internet em casa do q ter a de uma empresa q trata seu cliente como merda e com piadinhas @Vivoemrede
Negativo;Por favor @Vivoemrede podem me confirmar se foi feito o cancelamento?Ou tenho q ligar de novo pra fcar na espera 30min e desligarem na cara?
Negativo;NOVAMENTE EU COM PROBLEMA COM A @Vivoemrede  !!!! MUITO INCOMPETENTES!!!!!!!! #VIVOLIXO #VIVOEMREDE
Negativo;Boa tarde! Alguém sabe o que está acontecendo com os celulares da @Vivo que não completam ligação?
Negativo;Problemas com sinal da @Vivoemrede
Negativo;3g da @vivo porque tão ruim
Negativo;Você espera 20 minutos para ser atendido na central da @Vivoemrede. Aí te passam um número de 0800 que não existe!
Negativo;O vídeo de hoje vai estar no ar só mais tarde pq a internet não para de cair, obrigado @Vivoemrede .
Negativo;Que porcaria e péssimo atendimento desta @vivotv ! Estamos com problemas na imagem e, mais de 30 minutos na espera, ninguém atende! #vivo
Negativo;@vivo maldita. Menos de 1 mês e pela segunda vez meu telefone está mudo. #odio
Negativo;Essa é a vivo... #fraude #pessimoservico #semservico #vivoemrede @Vivoemrede http://t.co/n3kushsoEB
Negativo;@vivoblog #Vivoemrede #vivoon  cade minha instalação 1159752405speedy solo affs os:750575670 que enrolação tem mais dez dias nada instalação
Negativo;@Vivoemrede amiga minha internet tá uma bosta
Negativo;coloquei crédito nessas baquinhas vagabundas e meus créditos não cairam, vamo devolve meu dinheiro caralhão? @vivo
Negativo;"Só pra constar a minha indignação com a @vivo .Primeiro por sumir com meus creditos; segundo por me fazer esperar mais de 10min na linha.."
Negativo;@vivo  atendimento péssimo estou mais de uma hora na linha e nada de atendimento
Negativo;#Vivo a pior operadora do país.  #Procon neles. Por favor retuitem.
Negativo;Conforme anunciei na loja, vou fazer barulgo por aqui. #Vivo ?ltimo mundo.! Procon neles. CONSUMIDOR MERECE RESPEITO.
Negativo;TODOS! RT @MonaDorf: Conforme anunciei na loja, vou fazer barulgo por aqui. #Vivo ?ltimo mundo.! Procon neles. CONSUMIDOR MERECE RESPEITO.
Negativo;@jcgmohallem @poetacicero  Pois ? mas nao pode ser assim. Precisamos uma @Vivo melhor. Nao queriam avaliação d atendimento? Tå aqui ns posts
Negativo;@MonaDorf @jcgmohallem @vivo são todas horrorosas.perdi a esperança
Negativo;@MonaDorf @poetacicero @vivo e no shopping higienopolis eh um terror o atendimento.nem menciono ao telefone com as idas e vindas atend e sup
Negativo;Tem Facebook,  Linked in, Yammer,  Google+,  não faltam redes pra se denunciar serviço #Vivo, @vivoemrede padrão pior dos mundos.
Negativo;Amigos grata pelos RTs s/ mau atendimento nas lojas #Vivo @Vivoemrede q não resolve. Sistema telefônico inoperante.  Ironia p/ 1 operadora!
Negativo;Vai ver que ?h todo o sistema #Vivo que tá fora do ar, inclusive  a tal @Vivoemrede. #Vivo conectado kkkkk. Pulem fora em quanto é tempo!
Negativo;@crisduclos DM pelo Facebook.  Amanhã coloco o assunto #Vivo por lá tbem.  Quero ver o sistema nao arrumar logo logo. Reputação #Vivo já era
Negativo;Mais de 12h de tweets e a #Vivo não se manifesta. Isso mostra como é sintonizada c/ problemas da empresa e pouca atenção q dedica a cleinte
Negativo;Vou recomeçar a denunciar a incompetência e o descaso dessa empresa. #Vivo inoperante.  #clienteVivo não tem vez na hora de constestar algo.
Negativo;Se beber não dirijar, se precisar de celular opte pela operadora + barata e troqye tdo ano. Jamais a #Vivo. Fidelidade não é com eles.
Negativo;Sem 3G da vivo hj. #vivoemrede sinal de porcaria!
Negativo;socorro @brasil_ANATEL a @Vivoemrede @vivo noa me atende no *8486 e ainda quer que eu de nota ao atendimento...socorro
Negativo;@brasil_ANATEL @Vivoemrede @vivo nós somos verdadeiros palhaços..pois qdo digito 9 p falar com atendentes, simplesmente ele desligam..queB
Negativo;RT se você já chorou no telefone com o @itau ou a @Vivoemrede
Negativo;daí que me ofereceram o serviço de fibra ótica da @vivoemrede. prometeram mundos e fundos, internet maravilhosa e barata, tv com mil canais.
Negativo;Não me siga #Vivoemrede, me trate com o respeito que mereço!
Negativo;eu trabalho em casa, @vivoemrede. vocês estão fodendo com a minha vida. resolvam essa merda e não venham querer mandar DM que não adianta.
Negativo;o que a @vivoemrede tá fazendo com a @claraaverbuck é ABSURDO. leiam mais no perfil da clara.
Negativo;e o pior q a @vivo já nao funciona direito, com chuva entáo, me ferrou pq nao pude me despedir do meu amor =(((
Negativo;Mais alguém ta sem sinal da @Vivoemrede, @LeiSecaRJ @RadarCostaVerde ?
Negativo;Q curioso! Eu tenho q esperar 15 minutos para ser atendida. A @Vivo não pode esperar 2 minutos para eu pegar um papel. @Vivoemrede
Negativo;querida @vivo você poderia tomar no olho do seu cu e parar de não dar internet PRA QUEM TEM CRÉDITO, grata
Negativo;#vivoemrede #vivoon Hoje começa minha batalha de guerrilha contra a Vivo e a tosqueira que é o serviço deles. Vamos ver se dá resultado...
Negativo;#vivoemrede #vivoon Estou ha quase 30 dias sem telefone fixo, desde que cai na besteira de migrar da Claro pra Vivo Fixo.
Negativo;#vivoemrede #vivoon #vivosofrendo é patético o número de protocolos pelos quais ja passei. São cerca de 20.
Negativo;#vivoemrede #vivoon #vivosofrendo Meu drama com a Vivo começou no protocolo 20132035792456
Negativo;#vivoemrede #vivoon #vivosofrendo a metade dos atendentes nem entendem qual é o problema. Que orgulho dos funcionários dessa empresa!
Negativo;#vivoemrede #vivoon #vivosofrendo Quando a coisa aperta e eles se sentem encurralados, desligam na minha cara. Que ótima solução.
Negativo;#vivoemrede #vivoon #vivosofrendo meu ódigo de assinante é 7166826, mas duvido que a vivo tenha a decência de entrar em contato comigo.
Negativo;Oi @vivoemrede adoraria saber por onda anda minha conexão 4G. Seria pedir muito ter o serviço pelo qual eu pago? Obrigado.
Negativo;Pra que oferecer um serviço se não é possível utilizar #Vivo
Negativo;Desisto de falar com a @Vivoemrede ! Péssima operadora. Péssimo serviço de SAC, o qual vc fica mins no tel e não é atendido! @LeiSecaRJ
Negativo;Não consigo mais usar a net das 7 da manha ate as 22/23, simplesmente não funciona, não aguento mais ligar pra @vivo pra reclamar
Negativo;@krystianespm a @vivo ERA a melhor, agora nao funciona mais, vou ter q testar outra pra mudar pelo visto
Negativo;@krystianespm pelo computador a @vivo so funciona de madrugada, as 6:45 já começa a cair
Negativo;Acabou de chegar uma conta de TELEFONE da @Vivoemrede. Nós NUNCA contratamos telefone pro Loop Studio.
Negativo;ALO @vivoemrede QUE CARALHOS ESTÁ ACONTECENDO
Negativo;Serviços da #Vivoemrede é um nojo não consigo fazer ligações.
Negativo;#Apagão da #Vivoemrede , mais alguem esta sem linha ? Tenho 4 Vivos os 4 Fora do Ar
Negativo;"A dona @Vivoemrede deixou-me dois dias sem net e sms. Quanta gentileza! 
""Mas vamos falar de coisa boa"", como dizia Sonia Abrão."
Negativo;Graças ao serviço ótimo da #vivo, ñ consegui ficar até o fim no #hangout. Eu amei e já quero outros!!!
Negativo;"Quem acha que a VIVO dá PÉSSIMO atendimento dá RT.  @vivoemrede @vivoon 
#VivoPorcaria"
Negativo;To tentando falar com a @vivo @Vivoemrede  em três veículos e simplesmente nenhum me atende. Que cacete
Negativo;"@vivo PQ A VIVO INCLUIU R$ 5,90 ""SEGURO CONTA PROTEGIDA""  DA MAPFRE PREV SEM MINHA SOLICITAÇÃO FIQUEI 25 MINUTOS AGUARDANDO EM CONTESTAÇÃO $"
Negativo;"Não sei por quê ainda tenho numero da #Vivo
Só levo esculacho de quem não consegue falar comigo!"
Negativo;@vivoblog #vivoon #Vivoemrede eu estou entrando site da http://t.co/SACtJbwGa7  e estou logando mais não está entrando ? quero arrume isso !
Negativo;@vivoblog #vivoon #Vivoemrede eu estou entrando site da http://t.co/SACtJbwGa7  e estou logando mais não está entrando ? quero arrume isso!
Negativo;#vivoemrede #vivoforadalei chega de roubo, né? Pagamos por isso e queremos um serviço DIGNO de volta!
Negativo;"Eu pago caro por uma conexão"" rapida"" da @Vivo mas não consigo rodar mais do que 2 vídeos no smartphone. Chamamos a isso de que? #Porcaria"
Negativo;"@Vivo Se eu quisesse uma conexão apenas para acessar as redes sociais não teria optado pelo ""pacote 4G"". #Fail"
Negativo;#vivoemrede hoje a TV estava ok, mas sem internet... Acho que não vi no contrato que usando um o outro desliga!
Negativo;mais uma ligação intimidatória da #vivo #vivoEmRede .  já denunciada na #anatel . ligam de madrugada! #danosMorais http://t.co/GSIs3kWib1
Negativo;O péssimo servico de internete da @vivo está deixando a população irritada segundo o meu amigo @Jerrybdr52Jerry
Negativo;me atende logo filha da puta @vivo
Negativo;E o retardado do cliente da @vivo paga caro pela merda de um serviço q não funciona é e feito de palhaço na loja E FICA SEM AGENDA
Negativo;Não sei o q é pior o atendimento da @vivo o sevirço q te rouba e te deixa na mão ou fazer papel de trouxa.
Negativo;"Um gerente de merda na loja @vivo da 136 em Goiânia e um ""tecnico"" q é pago pra bater papo e nega atendimento."
Negativo;Verificar meu resultado do http://t.co/VKjsp5CLA9: #speedtest pago 10mb e recebo isso.. #vivoemrede http://t.co/MslEkdsPcr
Negativo;http://t.co/YBszhi8bcV #speedtest #vivoemrede  Pago 10mb e recebo isso. Será que um dia seremos respeitados ???  #vivovergonhanacional
Negativo;#Vivoemrede #vivoon @Anatel_Informa tenho protocolo e nome dela Claudia 10315 as 10:47  até 10:55  18/12/2013  não me  prot:20132084587716
Negativo;Chegou meu #TimBeta adeus #Vivo !
Negativo;Ha dias tento comprar hum cell cum @firefoxosbr no site da @vivo et não consigo. A cada falha, me offerecem vales do cinemark pra continuar.
Negativo;@Vivoemrede sua rede tá de tpm pq olha tá mais instável que eu
Negativo;"To na dúvida se o app do @itau pra iOS tá uma bosta ou se é o ""4G"" (que não existe) da @Vivoemrede que tá uma verdadeira bosta."
Negativo;Parabéns pra @vivo que está cada dia pior! ????
Negativo;#boanoite, cheguei em #Campinas e não tem Internet 3G da #Vivo na região da Rodoviária. #goodnight… http://t.co/FzFPIwjhw5
Negativo;2 dias sem telefone no bairro, viva a merda da #VIVO
Negativo;maldita hora em que troquei meu #claro por essa posta de #vivo que não pega @Vivoemrede essa #vivo ta mais pra #morto
Negativo;@vivo vá pro inferno operadora de lixo! Não consegue manter um básico de sinal para ligação? mais de 20 dias nessa merd@ de sinal!
Negativo;E essa @vivo? Ta uma boooosta
Negativo;Um feliz Natal a @timbrasil e a @vivo que me deixaram AMBAS sem internet. Uma no cel e outra no modem 3G.
Negativo;#vivoemrede  pelo amor de deus manda linha 19997718242 pra engenharia do 3g!!!!
Negativo;Só queria falar que a internet da @vivoemrede é uma porcaria!!!!
Negativo;@VIVO para me cobrar vocês são pontualíssimos, para me atender eu preciso esperar por horas até desligarem na minha cara! #Vivo #VivoEngana
Negativo;O estagiário da @Vivoemrede tropeçou no fio do 3G.  ¬¬
Negativo;eu liguei pra @vivo, fiquei de otária 20 minutos esperando, desisti, ninguém merece ficar ouvindo aquela música infernal e eles não atendem
Negativo;"Nunca na história da humanidade o 3G da @vivo esteve tão m&amp;rd@ no litoral gaúcho... Bela BOSTA"
Negativo;"#pegabem da @vivo é uma PIADA vontade de quebrar a TV qdo vejo essa propaganda tendo em vista a m&amp;rd@ do 3G na praia! #vivofail #vivodemerda"
